sample	shape	wave	app	wake_id	http_code	wake_header
1	burst2	1	beta-burst-h-0911	01a08ffe-ff12-702e-b8ec-681735cb99bc	200	restored
2	burst2	1	beta-burst-i-0911	01a08ffe-ff05-7c53-85db-4233a7a8692c	200	restored
3	burst2	2	beta-burst-h-0911	01a08fff-5eab-71e6-a735-76b1ab198bc1	200	restored
4	burst2	2	beta-burst-i-0911	01a08fff-5ece-7e04-9d37-08b990bfc910	200	restored
5	burst2	3	beta-burst-h-0911	01a09000-10b1-7abd-8672-af4370b54fff	200	restored
6	burst2	3	beta-burst-i-0911	01a09000-1084-7385-8d31-79a524b0abf6	200	restored
7	burst2	4	beta-burst-h-0911	01a09000-6eb2-7218-bf4f-c7713901489f	200	restored
8	burst2	4	beta-burst-i-0911	01a09000-6e98-7daa-990d-85ad5d8ecf25	200	restored
9	burst2	5	beta-burst-h-0911	01a09000-c083-7a80-bccf-75248332d296	200	restored
10	burst2	5	beta-burst-i-0911	01a09000-c0e2-7324-90d2-059d96c4f2c3	200	restored
11	burst2	6	beta-burst-h-0911	01a09001-0b2d-76fb-8e8b-3f655c295524	200	restored
12	burst2	6	beta-burst-i-0911	01a09001-0af1-7c0a-b3ad-b5d6a7d0034c	200	restored
13	burst2	7	beta-burst-h-0911	01a09001-5df2-7e5f-9d3c-1fdd45dfc04a	200	restored
14	burst2	7	beta-burst-i-0911	01a09001-5e6e-7dc4-88d3-28a2ecd98da1	200	restored
15	burst2	8	beta-burst-h-0911	01a09001-ac93-761e-b5f6-bf9c284ccd1a	200	restored
16	burst2	8	beta-burst-i-0911	01a09001-acea-7984-8e24-15174fef6795	200	restored
17	burst2	9	beta-burst-h-0911	01a09001-f4d7-7ba9-87b2-baae454077d1	200	restored
18	burst2	9	beta-burst-i-0911	01a09001-f4b4-7806-88fe-829767b5fad0	200	restored
19	burst2	10	beta-burst-h-0911	01a09002-c289-72a7-9fdc-ff37b07e1ff9	200	restored
20	burst2	10	beta-burst-i-0911	01a09002-c289-766a-a7af-7fb820f2ecab	200	restored
21	burst2	11	beta-burst-h-0911	01a09003-0897-7197-99e8-f76cbf4e6c08	200	restored
22	burst2	11	beta-burst-i-0911	01a09003-087c-79ca-9c61-2a5e8d4e22ad	200	restored
23	burst2	12	beta-burst-h-0911	01a09003-56fb-7c81-860b-1516cc8f185f	200	restored
24	burst2	12	beta-burst-i-0911	01a09003-56d8-70b0-804f-8a5a9c6c43e8	200	restored
25	burst2	13	beta-burst-h-0911	01a09004-536b-7e77-b0b9-8188145cb078	200	restored
26	burst2	13	beta-burst-i-0911	01a09004-537c-7d2c-adaa-97585cf3b3ca	200	restored
27	burst2	14	beta-burst-h-0911	01a09004-b32d-774b-bbe1-6a6256196b47	200	restored
28	burst2	14	beta-burst-i-0911	01a09004-b323-7a1c-8f0b-7d69d187775d	200	restored
29	burst2	15	beta-burst-h-0911	01a09005-43ec-7a0b-989c-32c61805aa67	200	restored
30	burst2	15	beta-burst-i-0911	01a09005-43c7-7060-8bda-eedd9b64f580	200	restored
