sample	shape	app	wake_id	instance_id	http_code	vmmd_completed_at
1	sequential_operator_park	gregale-api-demo	01a08f5e-0cb9-7ea6-acfe-c3a14b327040	9d3be350-a4c9-43f7-9e39-39fc1af41997	200	2026-09-11T07:28:20.896625493Z
2	sequential_operator_park	gregale-api-demo	01a08f5e-1319-7be9-90bf-24ceba21cf00	ece85e9a-be9d-4d24-8d24-6fdb156d8df4	200	2026-09-11T07:28:22.502450729Z
3	sequential_operator_park	gregale-api-demo	01a08f5e-1996-745f-9b38-7fa668eb45da	1c3424f6-a90d-4f2f-afc6-06f359621889	200	2026-09-11T07:28:24.145455471Z
4	sequential_operator_park	gregale-api-demo	01a08f5e-2055-76d2-9ef0-25bcdb4b87fb	a531e1cb-c4b4-44bd-b8f9-e178837529cf	200	2026-09-11T07:28:25.897423522Z
5	sequential_operator_park	gregale-api-demo	01a08f5e-26ec-7cba-bad6-54bb3e563573	8e894404-1233-451c-b6b4-61289fb06b1a	200	2026-09-11T07:28:27.60838749Z
6	sequential_operator_park	gregale-api-demo	01a08f5e-2dea-7088-b724-117ce9e8282e	0d23bb59-e6fd-4493-b0ec-16be16776cac	200	2026-09-11T07:28:29.370617423Z
7	sequential_operator_park	gregale-api-demo	01a08f5e-3467-77a9-a7b5-7844f1f76a74	29376930-dcb5-4d6a-b501-c385b92d9cc3	200	2026-09-11T07:28:31.025347783Z
8	sequential_operator_park	gregale-api-demo	01a08f5e-3ae0-756b-93ec-e49ed4adc3b3	5c26fc3d-e652-40ca-aaa9-0b253fbe6d15	200	2026-09-11T07:28:32.704468523Z
9	sequential_operator_park	gregale-api-demo	01a08f5e-413f-7aef-a15e-4688dc61a651	853e9894-1e3e-4992-954d-92d29ef5e9c1	200	2026-09-11T07:28:34.29544792Z
10	sequential_operator_park	gregale-api-demo	01a08f5e-4775-7b7a-8032-d3bf131e6bc9	ef1c1047-e34a-416d-8ca7-8b1d9ecec610	200	2026-09-11T07:28:35.910500671Z
11	sequential_operator_park	gregale-api-demo	01a08f5e-4da1-7449-aa12-50060ab46b6a	9e7f3bba-0e20-4be4-ab23-d57277b50ed8	200	2026-09-11T07:28:37.485507513Z
12	sequential_operator_park	gregale-api-demo	01a08f5e-53d6-7633-b719-682cd6d4a106	5d3c4dbc-338a-4d3f-87b9-b1667fbcc26c	200	2026-09-11T07:28:39.07451737Z
13	sequential_operator_park	gregale-api-demo	01a08f5e-5a2c-7088-8093-8af6c0688e88	5ce50e25-e5dc-4cad-a376-502c278eb911	200	2026-09-11T07:28:40.704492629Z
14	sequential_operator_park	gregale-api-demo	01a08f5e-6067-7d21-8dc8-56b8159cf3c5	3ddc017a-0e45-422e-b0a5-dccd96e41248	200	2026-09-11T07:28:42.286399229Z
15	sequential_operator_park	gregale-api-demo	01a08f5e-66ad-741b-8d3d-27b0fadb7566	dcc23f25-ca62-45a4-98bf-df5bfc196eb6	200	2026-09-11T07:28:43.882376193Z
16	sequential_operator_park	gregale-api-demo	01a08f5e-6ccf-7c72-86f5-15275c7bf636	1872096f-5586-440b-b282-b361469fa324	200	2026-09-11T07:28:45.441476242Z
17	sequential_operator_park	gregale-api-demo	01a08f5e-72f9-7240-9c46-bbb3f42b7f2a	497329e2-0bce-4843-a265-c8b54dbc743e	200	2026-09-11T07:28:47.025505954Z
18	sequential_operator_park	gregale-api-demo	01a08f5e-794f-77a2-b738-b62e0f41af26	91936813-3eda-4b75-a0b4-975f6011e31c	200	2026-09-11T07:28:48.654402831Z
19	sequential_operator_park	gregale-api-demo	01a08f5e-7f6b-7e37-8293-e0eaa85dabbc	ef426d5a-2b9b-463d-9905-f05030b15039	200	2026-09-11T07:28:50.222526659Z
20	sequential_operator_park	gregale-api-demo	01a08f66-eaab-7f2b-a04d-a0de4a5bdb11	56465ccd-6800-4cc9-bb4a-2553b3fa3f98	200	2026-09-11T07:38:02.027455563Z
21	sequential_operator_park	gregale-api-demo	01a08f66-f1a5-7f00-a67c-6151e31166a7	f97819e2-707d-4d6f-a74e-7421b7ae8c47	200	2026-09-11T07:38:03.738617319Z
22	sequential_operator_park	gregale-api-demo	01a08f66-f870-7034-bb6f-f41ea48babfa	1a81492c-dd52-4708-92c6-cbaea669e871	200	2026-09-11T07:38:05.519525183Z
23	sequential_operator_park	gregale-api-demo	01a08f66-ff47-7512-9fca-f0ec20ada1b5	a7df15f8-673d-4e11-9ed9-3d375fcc5523	200	2026-09-11T07:38:07.260371111Z
24	sequential_operator_park	gregale-api-demo	01a08f67-063c-768f-b965-7caa17dfb1b7	df67c171-56ea-4260-b5dd-71a44e53c4ca	200	2026-09-11T07:38:09.028416667Z
25	sequential_operator_park	gregale-api-demo	01a08f67-0cd2-7a6d-a504-0cd7f7f16b43	c53b533a-7200-4dd8-942b-21b375031eca	200	2026-09-11T07:38:10.707437303Z
26	sequential_operator_park	gregale-api-demo	01a08f67-1386-76b7-adaf-2fff1add9f61	6095e85b-c0e4-4b0e-b9b4-9a7451274f48	200	2026-09-11T07:38:12.417498208Z
27	sequential_operator_park	gregale-api-demo	01a08f67-19e8-7b32-bd82-2abc86ec92a6	f6be2e67-398c-4ed5-abdd-9295bedd0ed0	200	2026-09-11T07:38:14.056596465Z
28	sequential_operator_park	gregale-api-demo	01a08f67-2054-7a40-81b4-fc3869d24d2d	b1171612-9bdb-41d0-9d90-1d14a17bbbaf	200	2026-09-11T07:38:15.720398234Z
29	sequential_operator_park	gregale-api-demo	01a08f67-26dd-71c0-983e-0b7af926a4b8	e9b17574-fed4-4e1c-baa5-caf26de5c1d3	200	2026-09-11T07:38:17.400537122Z
30	sequential_operator_park	gregale-api-demo	01a08f67-2d69-7357-b0a5-c8f3a0050ad0	2ea70a04-a697-45b2-bc85-4f77995eb3d3	200	2026-09-11T07:38:19.087560925Z
31	sequential_operator_park	gregale-api-demo	01a08f67-3404-7011-b724-a0e4683cb07e	a4450dc9-6861-4996-bed3-61f4f0d040b2	200	2026-09-11T07:38:20.751557719Z
32	sequential_operator_park	gregale-api-demo	01a08f67-3aaa-799a-a67f-a49b6811f145	95c2122f-f2b8-4f7f-bde8-61266e3b2163	200	2026-09-11T07:38:22.471508157Z
33	sequential_operator_park	gregale-api-demo	01a08f67-416d-7a92-968a-8dc3afc68cf1	aa61fdbe-4632-4aa2-9674-0ce1258beaa8	200	2026-09-11T07:38:24.18749493Z
34	sequential_operator_park	gregale-api-demo	01a08f67-483b-707a-bac0-430a37b70f84	36dc4c8a-089f-4a5d-b82e-3bd73f809df6	200	2026-09-11T07:38:25.919410948Z
35	sequential_operator_park	gregale-api-demo	01a08f67-4f1d-72e4-b2ba-d3567cd421d1	1e6b8585-ec22-4b72-9a5a-8dd10715ff01	200	2026-09-11T07:38:27.708424747Z
36	sequential_operator_park	gregale-api-demo	01a08f67-55b5-7cf6-ab87-36e7c1e28509	3f8f0731-e6b4-45c4-a6e6-740617399f44	200	2026-09-11T07:38:29.372595004Z
37	sequential_operator_park	gregale-api-demo	01a08f67-5c0c-79e5-8f1b-589099491953	b122ac96-de36-4e5f-aba9-f5110cd1654d	200	2026-09-11T07:38:31.004434004Z
38	sequential_operator_park	gregale-api-demo	01a08f67-6292-7d59-aa20-a7f99224268a	f7b7a5db-3706-476f-b69b-24c17b0bd08c	200	2026-09-11T07:38:32.67653236Z
39	sequential_operator_park	gregale-api-demo	01a08f67-6901-7500-9ccd-b4193f8eb747	484d44f2-be38-4d44-87ce-366e1db8cd13	200	2026-09-11T07:38:34.292488523Z
40	sequential_operator_park	gregale-api-demo	01a08f67-6f5d-74d4-846c-93297de4353c	b2bba80d-b60b-4139-aabd-41bb9211bdb6	200	2026-09-11T07:38:36.075411098Z
41	sequential_operator_park	gregale-api-demo	01a08f67-7671-78f0-bd8a-e6c9fde1d116	86f085b2-25e6-477e-a2f1-3aa65d8db1da	200	2026-09-11T07:38:37.748473777Z
42	sequential_operator_park	gregale-api-demo	01a08f67-7cec-75b3-bc2f-466d6e00fc69	82999c1e-ed3d-4527-9a3e-da926baa6e23	200	2026-09-11T07:38:39.444398892Z
43	sequential_operator_park	gregale-api-demo	01a08f67-8372-7216-be00-8dff040b8235	dbf7d8dc-41ed-43fb-bdec-d7c8cd8bc482	200	2026-09-11T07:38:41.069480898Z
44	sequential_operator_park	gregale-api-demo	01a08f67-8b34-7d4b-bf84-6db51f1c1413	cebe0bb4-039a-4904-b598-0c76c2a82c9e	200	2026-09-11T07:38:43.052423664Z
45	sequential_operator_park	gregale-api-demo	01a08f67-9187-701d-9ebd-8ce6a17fcb02	b03f9f76-4a95-40af-9805-6a244ebb81db	200	2026-09-11T07:38:44.678454487Z
46	sequential_operator_park	gregale-api-demo	01a08f67-97e4-7293-835f-9710b8da0aa6	ce8266a7-4f6e-45d3-8ec3-902c34258a7d	200	2026-09-11T07:38:46.3163654Z
47	sequential_operator_park	gregale-api-demo	01a08f67-9e44-7514-849f-896653e82fed	47936a64-1991-4037-80e2-f37781702db9	200	2026-09-11T07:38:47.935432676Z
48	sequential_operator_park	gregale-api-demo	01a08f67-a4a0-7a14-ab8f-09c33c99cf26	e3363dae-db67-4e74-99fe-6804593a7e94	200	2026-09-11T07:38:49.576496457Z
49	sequential_operator_park	gregale-api-demo	01a08f67-aae2-7c7b-aab7-7534069a5adb	86d1d4dc-a062-42db-ad41-6388041b54cb	200	2026-09-11T07:38:51.212491661Z
50	sequential_operator_park	gregale-api-demo	01a08f67-b17c-7808-91ef-836946a05c7b	d0580b69-aa2f-4b86-a22d-2660dd336cff	200	2026-09-11T07:38:52.870411753Z
51	sequential_operator_park	gregale-api-demo	01a08f67-b806-766c-9ef1-93a5e589f685	e94331e2-f90c-42ab-bdbf-a164cd859dcb	200	2026-09-11T07:38:54.565372707Z
52	sequential_operator_park	gregale-api-demo	01a08f67-bebf-70ed-9949-2964d2b5fd08	8d0b5e17-1075-4e8c-a32e-adf28bc9d624	200	2026-09-11T07:38:56.270410555Z
53	sequential_operator_park	gregale-api-demo	01a08f67-c557-7923-9c7a-e6f008615dde	2dd2a1b9-ccd6-4dae-9fff-5bde2715be31	200	2026-09-11T07:38:57.965386992Z
54	sequential_operator_park	gregale-api-demo	01a08f67-cc55-7391-834f-d5b87f6fa031	699f0fe4-a57e-46bf-aabc-c9a99fdb8042	200	2026-09-11T07:38:59.763368648Z
55	sequential_operator_park	gregale-api-demo	01a08f67-d90a-76f5-90e5-0c8909b68c3f	a182ff62-da00-4bc1-b66c-24173a82da41	200	2026-09-11T07:39:03.017569158Z
56	sequential_operator_park	gregale-api-demo	01a08f67-dfc4-74ef-aafb-b8429f4ad777	1c0ab433-6680-46d0-bf06-e8813b31298d	200	2026-09-11T07:39:04.734417441Z
57	sequential_operator_park	gregale-api-demo	01a08f67-e65d-7b2f-a5e5-99bf02369082	e9517b1b-4852-4227-8870-b0aa80457917	200	2026-09-11T07:39:06.403354785Z
58	sequential_operator_park	gregale-api-demo	01a08f67-ed30-77f8-bfa7-3b3c4af5bff9	74cb344a-9ab8-4baf-b270-e4cd3ba0de72	200	2026-09-11T07:39:08.138472004Z
59	sequential_operator_park	gregale-api-demo	01a08f67-f3b6-7bbf-a313-d7c22b7d261c	1ed4380c-bfb9-4596-b764-bfec977bde10	200	2026-09-11T07:39:09.825432567Z
60	sequential_operator_park	gregale-api-demo	01a08f68-003c-7106-b9e9-6deb66b2ad6e	87887631-c678-464d-bed5-3a3a86cdd52b	200	2026-09-11T07:39:13.025397187Z
61	sequential_operator_park	gregale-api-demo	01a08f68-0749-7acd-9582-0436d6e64cc4	29de0b92-1e25-465e-9c06-352512a9c608	200	2026-09-11T07:39:14.863424372Z
62	sequential_operator_park	gregale-api-demo	01a08f68-0e7f-7741-87fa-40bbf86cc6d9	70c3df6a-df6b-4167-9db3-eda8eca2ed2d	200	2026-09-11T07:39:16.668433335Z
63	sequential_operator_park	gregale-api-demo	01a08f68-1506-737a-9332-d48746e75a04	2e4f8ca5-9c38-41ad-a8ee-1c6b4f3cb347	200	2026-09-11T07:39:18.402453216Z
64	sequential_operator_park	gregale-api-demo	01a08f68-1bc6-7ab2-b8e8-5161f2992fd7	9b92d955-5ed4-404a-986b-001315ac7c31	200	2026-09-11T07:39:20.076383721Z
65	sequential_operator_park	gregale-api-demo	01a08f68-2276-721c-ae12-2e1893da24dd	940a2db4-d9cd-4e6a-a7e2-b4b54a25f5f8	200	2026-09-11T07:39:21.781427956Z
66	sequential_operator_park	gregale-api-demo	01a08f68-28fd-7714-aaff-906ccb2b8e99	65cb31b9-bc12-4c51-9a91-d70d29705ff6	200	2026-09-11T07:39:23.456393604Z
67	sequential_operator_park	gregale-api-demo	01a08f68-2f91-7228-9796-636b60f10567	b8f68c9b-b16e-49b6-b474-c48c9c56c768	200	2026-09-11T07:39:25.204559711Z
68	sequential_operator_park	gregale-api-demo	01a08f68-3652-7a4c-a3b7-838d50fe4edf	f3c935c9-1cc6-4e4f-b3ef-89c126ee6e76	200	2026-09-11T07:39:26.854426179Z
69	sequential_operator_park	gregale-api-demo	01a08f68-3ccc-7f15-ab23-dd60e2bf1282	e37151da-c387-4429-94e1-0ce04a571090	200	2026-09-11T07:39:28.514473395Z
70	sequential_operator_park	gregale-api-demo	01a08f68-4324-7bbc-bdf4-d13f90e53e45	8a0e4d0e-89b6-4918-b4bc-d7c2996b47d2	200	2026-09-11T07:39:30.140404707Z
71	sequential_operator_park	gregale-api-demo	01a08f68-4993-7ac8-9b12-5d8145d61b7f	57708152-f812-4c5f-ae55-cc286be18731	200	2026-09-11T07:39:31.802547002Z
72	sequential_operator_park	gregale-api-demo	01a08f68-502a-74eb-be7b-2ac8ac7d0f52	2ad2acab-bdb1-4883-a0a8-c483471475f1	200	2026-09-11T07:39:33.496423274Z
73	sequential_operator_park	gregale-api-demo	01a08f68-56eb-7c67-90c6-2ae307395ad7	755f0bb9-ffa1-4284-b076-15cc3cb7c516	200	2026-09-11T07:39:35.217521985Z
74	sequential_operator_park	gregale-api-demo	01a08f68-5d67-7470-a853-756aa5fc47bd	00e4c6ed-14d2-4294-a1ea-1368d894f4c7	200	2026-09-11T07:39:36.938571191Z
75	sequential_operator_park	gregale-api-demo	01a08f68-645f-7947-8a18-96fa026893a9	3059f8d7-a3eb-4052-b9f4-a67c243ad35b	200	2026-09-11T07:39:38.642433313Z
76	sequential_operator_park	gregale-api-demo	01a08f68-6ad5-7a82-ac61-c981e6a6613d	aa55f2e2-ff5c-4257-a688-75e321a46348	200	2026-09-11T07:39:40.303428356Z
77	sequential_operator_park	gregale-api-demo	01a08f68-7149-7614-a38b-1fa9d795d8d8	7a1c5ecb-8c43-4e3e-bf50-2effb04295d0	200	2026-09-11T07:39:41.973433232Z
78	sequential_operator_park	gregale-api-demo	01a08f68-77cf-77f7-bd01-d78a9316f905	19184dc5-849a-4ecb-b4e8-e48bfebb9f6f	200	2026-09-11T07:39:43.818428388Z
79	sequential_operator_park	gregale-api-demo	01a08f68-7f08-778e-9981-cdae22fb97f4	38cbacb3-6f97-49bd-9db2-4b04ca1b65eb	200	2026-09-11T07:39:45.480399067Z
80	sequential_operator_park	gregale-api-demo	01a08f68-853a-7646-9e98-0889e3ac36ad	24baacde-78f2-4054-8041-d36272499606	200	2026-09-11T07:39:47.101552488Z
81	sequential_operator_park	gregale-api-demo	01a08f68-8bd5-7d49-8b70-bd2b70f70d65	b2660277-232f-484e-8544-090db149a81c	200	2026-09-11T07:39:48.753481309Z
82	sequential_operator_park	gregale-api-demo	01a08f68-92c9-744c-a9fb-ec74cfeb9315	02981846-b844-47bd-9354-c4742918d25f	200	2026-09-11T07:39:50.533413346Z
83	sequential_operator_park	gregale-api-demo	01a08f68-9966-73e2-b55b-42878a7f777e	df1b02aa-cc64-479f-9f07-8c3bfe24ba2f	200	2026-09-11T07:39:52.234420429Z
84	sequential_operator_park	gregale-api-demo	01a08f68-9fd0-738b-a6f4-1e0fd23fd859	cb9ce322-82bc-4127-892a-cc5353ac7462	200	2026-09-11T07:39:53.89644063Z
85	sequential_operator_park	gregale-api-demo	01a08f68-a674-7c8d-87d7-9dac2e0ac3b9	7c71cded-932b-4296-b4b7-01d3831cfe6b	200	2026-09-11T07:39:55.577451899Z
86	sequential_operator_park	gregale-api-demo	01a08f68-acd4-7b05-b525-f20352b9779a	887f919b-6e97-43fb-9974-a28fbc47409c	200	2026-09-11T07:39:57.226382293Z
87	sequential_operator_park	gregale-api-demo	01a08f68-b364-7d58-8c49-55b141c80b31	2914a750-c9f2-4e24-b63c-ca321fd40760	200	2026-09-11T07:39:58.880497954Z
88	sequential_operator_park	gregale-api-demo	01a08f68-b993-7c7f-b44d-39e69b5e4caa	1957aec4-f9da-4216-9280-b34587b71049	200	2026-09-11T07:40:00.471410589Z
89	sequential_operator_park	gregale-api-demo	01a08f68-c02d-7e4c-9ae8-f9dbeed116f3	31cdc75f-7395-42d2-8f68-95fc69045701	200	2026-09-11T07:40:02.165454317Z
90	sequential_operator_park	gregale-api-demo	01a08f68-c6fe-778c-a141-cffeb0f9b79f	7aa80cec-2077-49d6-9c91-d0892d819de1	200	2026-09-11T07:40:03.943511405Z
91	sequential_operator_park	gregale-api-demo	01a08f68-cdc1-7128-bc71-fb62b093c147	91419968-3bb6-4fad-86c6-248390b7e8fd	200	2026-09-11T07:40:05.632480016Z
92	sequential_operator_park	gregale-api-demo	01a08f68-d474-7ce0-8b45-4ca58fecf576	70e58d23-e5e6-41b8-9b2d-d70603af80f4	200	2026-09-11T07:40:07.380442052Z
93	sequential_operator_park	gregale-api-demo	01a08f68-db33-7a71-80b6-ae6883d878d0	032d072d-ba1f-4127-9ab4-f343a9b7cfc6	200	2026-09-11T07:40:09.079489346Z
94	sequential_operator_park	gregale-api-demo	01a08f68-e1b0-79d6-87d0-d6a6380a7baf	93368fe6-40ee-4f98-bc05-ff08f0c25798	200	2026-09-11T07:40:10.744495883Z
95	sequential_operator_park	gregale-api-demo	01a08f68-e832-742d-9164-7ea8794ca2f8	97ca9f99-3619-4cf2-93f0-b033dc33d392	200	2026-09-11T07:40:12.398488247Z
96	sequential_operator_park	gregale-api-demo	01a08f68-ee9e-7949-9bd0-75fc9ba232b5	9a47a975-b067-4f7d-b247-2acdc90d4486	200	2026-09-11T07:40:14.046491035Z
97	sequential_operator_park	gregale-api-demo	01a08f68-f517-713d-a0ba-089f8944e924	89b5b48e-c14c-4e50-b9a9-ac07bb14dda7	200	2026-09-11T07:40:15.727548469Z
98	sequential_operator_park	gregale-api-demo	01a08f6a-42e9-762d-b99c-cda85c67f121	ed13f960-1b73-4e41-a7b5-df675f2fae61	200	2026-09-11T07:41:41.211568621Z
99	sequential_operator_park	gregale-api-demo	01a08f6a-4b57-74a0-8fa5-60b0ec0383b5	1cfb4f94-0694-4d36-bf27-d9c3c97eb804	200	2026-09-11T07:41:43.355393152Z
100	sequential_operator_park	gregale-api-demo	01a08f6a-53c1-7be8-8cbd-48d8f2cec049	652b6018-0882-458d-90bc-03b834ef2810	200	2026-09-11T07:41:45.472444488Z
