scenario,cycle,slug,started_utc,total_ms,status,method,instance_id,guest_uuid
single,0,restore-ssd22-0905-a,2026-09-05T14:52:55.555491+00:00,283.215293,200,restore,d2e3ef17-5f30-416c-8b4c-68c1e93bb20d,915a85b3-c384-4c2b-867f-29f0bc18acae
single,1,restore-ssd22-0905-a,2026-09-05T14:53:09.805334+00:00,185.669744,200,restore,b9917678-1e5a-446f-aeb6-2564b1aea6ba,a883ce02-00cb-4c22-9590-8e988ad204a5
single,2,restore-ssd22-0905-a,2026-09-05T14:53:23.487254+00:00,231.830406,200,restore,9a60f7de-6b0d-4eae-8cb4-aceff1b8fb50,4f04704c-7499-443e-a8b4-7516a6dea0c6
single,3,restore-ssd22-0905-a,2026-09-05T14:53:36.315054+00:00,180.068054,200,restore,571a1776-616d-4442-9f1a-69da9abd09cf,57ca8f89-03f0-43c6-95d4-45277d923a85
single,4,restore-ssd22-0905-a,2026-09-05T14:53:50.155489+00:00,198.355726,200,restore,a5c20548-39b3-44b9-bb7e-a43ca062d142,78d9fe02-c1a1-4765-8317-43db989eb92c
single,5,restore-ssd22-0905-a,2026-09-05T14:54:02.862628+00:00,183.725795,200,restore,c972ee1c-1c61-4e2a-84dc-0994a53c7036,819ea58a-1115-43bb-b0ba-b9709b278f4f
single,6,restore-ssd22-0905-a,2026-09-05T14:54:16.876089+00:00,177.992026,200,restore,1a0d8751-797f-49c9-9293-11ef36a70d24,68be5fed-97d9-4763-8184-c0ab70c5b8b4
single,7,restore-ssd22-0905-a,2026-09-05T14:54:29.965148+00:00,214.455196,200,restore,e65a5226-de25-4121-b49f-f0f5e4a59cd3,7e6607be-adf1-48d0-b850-f60d56e99871
single,8,restore-ssd22-0905-a,2026-09-05T14:54:42.969932+00:00,181.135265,200,restore,bcb4737e-5153-4d5f-9dbb-2c570cdf6aa2,127eddfc-4669-43ff-b816-354a4f1566bf
single,9,restore-ssd22-0905-a,2026-09-05T14:54:55.869073+00:00,189.781813,200,restore,79dcdbe2-839a-4115-9cd2-60a7012aa4e9,13c1bb29-e6d1-4f4c-8e4b-db86a5dfd35c
burst2_background,0,restore-ssd22-0905-a,2026-09-05T14:55:08.471529+00:00,227.603799,200,restore,95e9c6c0-4ab2-490c-8db1-6f037cb61f68,d8809e2a-4984-4391-9211-765094018014
burst2_background,0,restore-ssd22-0905-b,2026-09-05T14:55:08.471529+00:00,226.30287,200,restore,8a32b038-aa1c-40eb-ba34-a41e1a3cde40,75adeba9-544a-482f-a15e-1994e899a365
burst2_background,1,restore-ssd22-0905-a,2026-09-05T14:55:35.728639+00:00,221.380057,200,restore,1daaf464-3ad3-4a00-ad27-b25a0ca7235b,b0a0fded-3ca0-45ae-8e41-e33b1027834e
burst2_background,1,restore-ssd22-0905-b,2026-09-05T14:55:35.728639+00:00,232.460232,200,restore,4818a008-65f1-4700-8c3a-f443d4be7cda,53f27dde-aa92-4b20-8b15-d0ce6f053c5f
burst2_background,2,restore-ssd22-0905-a,2026-09-05T14:56:01.185425+00:00,221.545359,200,restore,92ceb156-ee2a-4371-93e7-3e465bf7d6c7,6da2b8b0-5005-417b-ab65-850e664ab9d2
burst2_background,2,restore-ssd22-0905-b,2026-09-05T14:56:01.185425+00:00,225.086656,200,restore,21019848-f02e-4a87-8d90-b865731052b4,1e187fd2-026f-4500-b294-3e9df9a22ccb
burst2_background,3,restore-ssd22-0905-a,2026-09-05T14:56:25.466107+00:00,245.017568,200,restore,9777d91e-25ea-4752-9adb-e094a600fa04,cad451be-b16b-4b2f-b441-afef396b1693
burst2_background,3,restore-ssd22-0905-b,2026-09-05T14:56:25.466107+00:00,220.564043,200,restore,d602d10e-aa1c-4593-a34d-08eebd500d96,86833514-a5f6-49ed-abee-63ec4322f9c9
burst2_background,4,restore-ssd22-0905-a,2026-09-05T14:56:50.975174+00:00,208.655515,200,restore,32489375-ea2c-46f9-bd96-2b1171bdaaae,f2eb15e3-37b9-435f-8956-b7db1828d18f
burst2_background,4,restore-ssd22-0905-b,2026-09-05T14:56:50.975174+00:00,209.803462,200,restore,76b6206d-4448-4f23-b6c9-9d71bc03873c,8e35ef7f-41af-4f42-a2d6-5805622a7f5b
burst3,0,restore-ssd22-0905-a,2026-09-05T14:57:27.680219+00:00,260.569366,200,restore,b91b6c5f-539b-4bec-8a5a-e82391e896ac,26bb2f6c-6874-40f2-8be5-5f806dd15a58
burst3,0,restore-ssd22-0905-b,2026-09-05T14:57:27.680219+00:00,292.965131,200,restore,9872df38-7468-4f86-9f36-9c3ae7392eb6,57a8d8f7-5e82-4bb8-9248-6d1b46a621c9
burst3,0,restore-ssd22-0905-c,2026-09-05T14:57:27.680219+00:00,276.033778,200,restore,bd07f504-27a5-4636-9f07-171f6fc6db18,b9fa3ffe-abb8-45f5-a5b9-ec0a45facaab
burst3,1,restore-ssd22-0905-a,2026-09-05T14:58:05.291125+00:00,243.178593,200,restore,e218adb2-8c2b-4de0-b9f5-52764aac0aef,0ceda5fd-2549-44da-a892-70486ecc5645
burst3,1,restore-ssd22-0905-b,2026-09-05T14:58:05.291125+00:00,248.478623,200,restore,07aa770e-c2b3-4691-b339-84d6c1b4fb2c,4899bdcc-ade6-43b7-8fd9-ea687826a7b5
burst3,1,restore-ssd22-0905-c,2026-09-05T14:58:05.291125+00:00,268.069128,200,restore,be66ddbe-d0bf-48bd-83fd-7f7c21fcee9d,d7c16cc0-f185-4e31-8d88-98e6f436b4e3
burst3,2,restore-ssd22-0905-a,2026-09-05T14:58:41.476196+00:00,262.436864,200,restore,5a77bced-d44f-4384-9546-ad2c90bd8a61,e7f3321b-8b66-40b1-856d-3d33f8892524
burst3,2,restore-ssd22-0905-b,2026-09-05T14:58:41.476196+00:00,279.519801,200,restore,429b1ac3-6cf0-49ed-9ba9-b015e3118236,117eeb77-dd69-4cb5-84fa-148266c50264
burst3,2,restore-ssd22-0905-c,2026-09-05T14:58:41.476196+00:00,298.356751,200,restore,ec6eb7fe-296f-47eb-b4e1-a48ab1698844,1af8ff22-76ea-4b45-a444-5314f7747e6b
burst3,3,restore-ssd22-0905-a,2026-09-05T14:59:24.166117+00:00,300.832601,200,restore,5e27ea00-1779-4e86-b1ac-ab2535ad8440,fd80538b-faad-4ded-9e19-6b979678742c
burst3,3,restore-ssd22-0905-b,2026-09-05T14:59:24.166117+00:00,323.933608,200,restore,c4261ae1-2df5-4464-a12e-639edaa9de44,2dcae849-f01e-4608-b1b9-5222db1da842
burst3,3,restore-ssd22-0905-c,2026-09-05T14:59:24.166117+00:00,324.85187,200,restore,654f8910-6e88-4697-bd60-a837072e404f,590a788f-f5cf-49ab-ac04-2fa036096da2
burst3,4,restore-ssd22-0905-a,2026-09-05T15:00:03.507637+00:00,249.626111,200,restore,d9113edd-da22-4bc1-aff8-a327eaf4ee69,50a5156d-269d-40bf-ab5b-97dfb00051f7
burst3,4,restore-ssd22-0905-b,2026-09-05T15:00:03.507637+00:00,283.409819,200,restore,faa54d0a-bbf5-469f-9670-7ef062776c18,8da3eb85-4e06-43e6-aa74-b973eade9fe8
burst3,4,restore-ssd22-0905-c,2026-09-05T15:00:03.507637+00:00,277.67623,200,restore,09a736a3-fee9-4854-971e-7f13970867cb,1d6aa7b4-b1eb-42f4-991f-785ffd2f2c23
